shift,power
0.0,1.0
0.0,1.0
7.6397266,0.8780628
0.0,1.0
11289.734,0.21714988
0.0,1.0
0.0,1.0
0.0,1.0
0.0,1.0
0.0,1.0
0.0,1.0
0.0,1.0
0.0,1.0
0.0,1.0
0.0,1.0
