shift,power
0.0,1.0
0.0,1.0
7.7849436,0.6462667
0.0,1.0
11290.698,0.3009262
0.0,1.0
0.0,1.0
0.0,1.0
0.0,1.0
0.0,1.0
0.0,1.0
0.0,1.0
0.0,1.0
0.0,1.0
0.0,1.0
