shift,power
58.26442,0.03453596
0.0,1.0
0.0,1.0
0.0,1.0
0.0,1.0
0.0,1.0
6.3500595,0.11335571
0.0,1.0
0.0,1.0
0.0,1.0
11.260217,0.076586924
51.887455,0.03099665
46.90268,1.4626782e-13
36.402996,0.35856852
0.0,1.0
0.0,1.0
0.0,1.0
0.0,1.0
